numActiveSessions:vector baselineTestQoS.hostSSH[133].app[0] (#0 - testingConfigurator5slices-0-20240408-14:54:13-23197),,txPk:vector(packetBytes) baselineTestQoS.hostSSH[133].ppp[0].ppp (#0 - testingConfigurator5slices-0-20240408-14:54:13-23197),,rxPkOk:vector(packetBytes) baselineTestQoS.hostSSH[133].ppp[0].ppp (#0 - testingConfigurator5slices-0-20240408-14:54:13-23197),,packetSent:vector(packetBytes) baselineTestQoS.hostSSH[133].app[0] (#0 - testingConfigurator5slices-0-20240408-14:54:13-23197),,rtt:vector baselineTestQoS.hostSSH[133].tcp.conn-2109 (#0 - testingConfigurator5slices-0-20240408-14:54:13-23197),,packetReceived:vector(packetBytes) baselineTestQoS.hostSSH[133].app[0] (#0 - testingConfigurator5slices-0-20240408-14:54:13-23197),,endToEndDelay:vector baselineTestQoS.hostSSH[133].app[0] (#0 - testingConfigurator5slices-0-20240408-14:54:13-23197),
0,0,0,51,0.0922252176,51,1.0922252176,40,2.525100093822,1.432874876221999821,2.525307373822,40,2.525307373822,1.392974230621999868
0,1,0.0922252176,47,2.525100093822,47,1.1422252176,40,4.627491774422,2.10239168059999936,4.627773678422,888,4.627773678422,2.062533690999999608
,,1.0922252176,87,2.525307373822,87,1.1922252176,40,,,,,4.627773678422,2.062533690999999608
,,2.525100093822,447,4.627491774422,47,1.2422252176,40,,,,,4.627773678422,2.062533690999999608
,,2.525307373822,47,4.627773678422,935,1.2922252176,40,,,,,4.627773678422,2.062533690999999608
,,4.627773678422,47,,,1.3422252176,40,,,,,4.627773678422,2.062533690999999608
,,,,,,1.3922252176,40,,,,,4.627773678422,2.062533690999999608
,,,,,,1.4422252176,40,,,,,4.627773678422,2.062533690999999608
,,,,,,1.4922252176,40,,,,,4.627773678422,2.062533690999999608
,,,,,,1.5422252176,40,,,,,4.627773678422,2.062533690999999608
,,,,,,1.5922252176,40,,,,,4.627773678422,2.062533690999999608
