numActiveSessions:vector baselineTestQoS.hostSSH[150].app[0] (#0 - testingConfigurator5slices-0-20240408-14:54:13-23197),,txPk:vector(packetBytes) baselineTestQoS.hostSSH[150].ppp[0].ppp (#0 - testingConfigurator5slices-0-20240408-14:54:13-23197),,rxPkOk:vector(packetBytes) baselineTestQoS.hostSSH[150].ppp[0].ppp (#0 - testingConfigurator5slices-0-20240408-14:54:13-23197),,packetSent:vector(packetBytes) baselineTestQoS.hostSSH[150].app[0] (#0 - testingConfigurator5slices-0-20240408-14:54:13-23197),,rtt:vector baselineTestQoS.hostSSH[150].tcp.conn-2126 (#0 - testingConfigurator5slices-0-20240408-14:54:13-23197),,packetReceived:vector(packetBytes) baselineTestQoS.hostSSH[150].app[0] (#0 - testingConfigurator5slices-0-20240408-14:54:13-23197),,endToEndDelay:vector baselineTestQoS.hostSSH[150].app[0] (#0 - testingConfigurator5slices-0-20240408-14:54:13-23197),
0,0,0,51,0.0952945776,51,1.0952945776,40,2.544009853022,1.448715275421999843,2.544133293022,40,2.544133293022,1.408827909822000006
0,1,0.0952945776,47,2.544009853022,47,1.1452945776,40,4.708470334422,2.164460481399999902,4.708752238422,888,4.708752238422,2.115102945041999571
,,1.0952945776,87,2.544133293022,87,1.1952945776,40,,,,,4.708752238422,2.115102945041999571
,,2.544009853022,447,4.708470334422,47,1.2452945776,40,,,,,4.708752238422,2.115102945041999571
,,2.544133293022,47,4.708752238422,935,1.2952945776,40,,,,,4.708752238422,2.115102945041999571
,,4.708752238422,47,,,1.3452945776,40,,,,,4.708752238422,2.115102945041999571
,,,,,,1.3952945776,40,,,,,4.708752238422,2.115102945041999571
,,,,,,1.4452945776,40,,,,,4.708752238422,2.115102945041999571
,,,,,,1.4952945776,40,,,,,4.708752238422,2.115102945041999571
,,,,,,1.5452945776,40,,,,,4.708752238422,2.115102945041999571
,,,,,,1.5952945776,40,,,,,4.708752238422,2.115102945041999571
