numActiveSessions:vector baselineTestQoS.hostSSH[180].app[0] (#0 - testingConfigurator5slices-0-20240408-14:54:13-23197),,txPk:vector(packetBytes) baselineTestQoS.hostSSH[180].ppp[0].ppp (#0 - testingConfigurator5slices-0-20240408-14:54:13-23197),,rxPkOk:vector(packetBytes) baselineTestQoS.hostSSH[180].ppp[0].ppp (#0 - testingConfigurator5slices-0-20240408-14:54:13-23197),,packetSent:vector(packetBytes) baselineTestQoS.hostSSH[180].app[0] (#0 - testingConfigurator5slices-0-20240408-14:54:13-23197),,rtt:vector baselineTestQoS.hostSSH[180].tcp.conn-2156 (#0 - testingConfigurator5slices-0-20240408-14:54:13-23197),,packetReceived:vector(packetBytes) baselineTestQoS.hostSSH[180].app[0] (#0 - testingConfigurator5slices-0-20240408-14:54:13-23197),,endToEndDelay:vector baselineTestQoS.hostSSH[180].app[0] (#0 - testingConfigurator5slices-0-20240408-14:54:13-23197),
0,0,0,51,0.1008169776,51,1.1008169776,40,2.5690840336,1.468267055999999731,2.569192958044,40,2.569192958044,1.428268054844000093
0,1,0.1008169776,47,2.5690840336,47,1.1508169776,40,4.835179828077,2.266095794476999702,4.835361732077,888,4.835361732077,2.188438421454999438
,,1.1008169776,87,2.569192958044,87,1.2008169776,40,,,,,4.835361732077,2.188438421454999438
,,2.5690840336,447,4.835179828077,47,1.2508169776,40,,,,,4.835361732077,2.188438421454999438
,,2.569192958044,47,4.835361732077,935,1.3008169776,40,,,,,4.835361732077,2.188438421454999438
,,4.835361732077,47,,,1.3508169776,40,,,,,4.835361732077,2.188438421454999438
,,,,,,1.4008169776,40,,,,,4.835361732077,2.188438421454999438
,,,,,,1.4508169776,40,,,,,4.835361732077,2.188438421454999438
,,,,,,1.5008169776,40,,,,,4.835361732077,2.188438421454999438
,,,,,,1.5508169776,40,,,,,4.835361732077,2.188438421454999438
,,,,,,1.6008169776,40,,,,,4.835361732077,2.188438421454999438
