numActiveSessions:vector baselineTestQoS.hostSSH[167].app[0] (#0 - testingConfigurator5slices-0-20240408-14:54:13-23197),,txPk:vector(packetBytes) baselineTestQoS.hostSSH[167].ppp[0].ppp (#0 - testingConfigurator5slices-0-20240408-14:54:13-23197),,rxPkOk:vector(packetBytes) baselineTestQoS.hostSSH[167].ppp[0].ppp (#0 - testingConfigurator5slices-0-20240408-14:54:13-23197),,packetSent:vector(packetBytes) baselineTestQoS.hostSSH[167].app[0] (#0 - testingConfigurator5slices-0-20240408-14:54:13-23197),,rtt:vector baselineTestQoS.hostSSH[167].tcp.conn-2143 (#0 - testingConfigurator5slices-0-20240408-14:54:13-23197),,packetReceived:vector(packetBytes) baselineTestQoS.hostSSH[167].app[0] (#0 - testingConfigurator5slices-0-20240408-14:54:13-23197),,endToEndDelay:vector baselineTestQoS.hostSSH[167].app[0] (#0 - testingConfigurator5slices-0-20240408-14:54:13-23197),
0,0,0,51,0.0984639376,51,1.0984639376,40,2.55207723978,1.453613302179999951,2.55228451978,40,2.55228451978,1.413712656579999995
0,1,0.0984639376,47,2.55207723978,47,1.1484639376,40,4.7681411088,2.216063869020000066,4.7683496688,888,4.7683496688,2.144703422177999908
,,1.0984639376,87,2.55228451978,87,1.1984639376,40,,,,,4.7683496688,2.144703422177999908
,,2.55207723978,447,4.7681411088,47,1.2484639376,40,,,,,4.7683496688,2.144703422177999908
,,2.55228451978,47,4.7683496688,935,1.2984639376,40,,,,,4.7683496688,2.144703422177999908
,,4.7683496688,47,,,1.3484639376,40,,,,,4.7683496688,2.144703422177999908
,,,,,,1.3984639376,40,,,,,4.7683496688,2.144703422177999908
,,,,,,1.4484639376,40,,,,,4.7683496688,2.144703422177999908
,,,,,,1.4984639376,40,,,,,4.7683496688,2.144703422177999908
,,,,,,1.5484639376,40,,,,,4.7683496688,2.144703422177999908
,,,,,,1.5984639376,40,,,,,4.7683496688,2.144703422177999908
