numActiveSessions:vector baselineTestQoS.hostSSH[195].app[0] (#0 - testingConfigurator5slices-0-20240408-14:54:13-23197),,txPk:vector(packetBytes) baselineTestQoS.hostSSH[195].ppp[0].ppp (#0 - testingConfigurator5slices-0-20240408-14:54:13-23197),,rxPkOk:vector(packetBytes) baselineTestQoS.hostSSH[195].ppp[0].ppp (#0 - testingConfigurator5slices-0-20240408-14:54:13-23197),,packetSent:vector(packetBytes) baselineTestQoS.hostSSH[195].app[0] (#0 - testingConfigurator5slices-0-20240408-14:54:13-23197),,rtt:vector baselineTestQoS.hostSSH[195].tcp.conn-2171 (#0 - testingConfigurator5slices-0-20240408-14:54:13-23197),,packetReceived:vector(packetBytes) baselineTestQoS.hostSSH[195].app[0] (#0 - testingConfigurator5slices-0-20240408-14:54:13-23197),,endToEndDelay:vector baselineTestQoS.hostSSH[195].app[0] (#0 - testingConfigurator5slices-0-20240408-14:54:13-23197),
0,0,0,51,0.1035781776,51,1.1035781776,40,2.576245613022,1.472667435421999727,2.576352893022,40,2.576352893022,1.430987245599999896
0,1,0.1035781776,47,2.576245613022,47,1.1535781776,40,4.887791774422,2.3115461613999999,4.887973678422,888,4.887973678422,2.214590581841999738
,,1.1035781776,87,2.576352893022,87,1.2035781776,40,,,,,4.887973678422,2.214590581841999738
,,2.576245613022,447,4.887791774422,47,1.2535781776,40,,,,,4.887973678422,2.214590581841999738
,,2.576352893022,47,4.887973678422,935,1.3035781776,40,,,,,4.887973678422,2.214590581841999738
,,4.887973678422,47,,,1.3535781776,40,,,,,4.887973678422,2.214590581841999738
,,,,,,1.4035781776,40,,,,,4.887973678422,2.214590581841999738
,,,,,,1.4535781776,40,,,,,4.887973678422,2.214590581841999738
,,,,,,1.5035781776,40,,,,,4.887973678422,2.214590581841999738
,,,,,,1.5535781776,40,,,,,4.887973678422,2.214590581841999738
,,,,,,1.6035781776,40,,,,,4.887973678422,2.214590581841999738
