numActiveSessions:vector baselineTestQoS.hostSSH[140].app[0] (#0 - testingConfigurator5slices-0-20240408-14:54:13-23197),,txPk:vector(packetBytes) baselineTestQoS.hostSSH[140].ppp[0].ppp (#0 - testingConfigurator5slices-0-20240408-14:54:13-23197),,rxPkOk:vector(packetBytes) baselineTestQoS.hostSSH[140].ppp[0].ppp (#0 - testingConfigurator5slices-0-20240408-14:54:13-23197),,packetSent:vector(packetBytes) baselineTestQoS.hostSSH[140].app[0] (#0 - testingConfigurator5slices-0-20240408-14:54:13-23197),,rtt:vector baselineTestQoS.hostSSH[140].tcp.conn-2116 (#0 - testingConfigurator5slices-0-20240408-14:54:13-23197),,packetReceived:vector(packetBytes) baselineTestQoS.hostSSH[140].app[0] (#0 - testingConfigurator5slices-0-20240408-14:54:13-23197),,endToEndDelay:vector baselineTestQoS.hostSSH[140].app[0] (#0 - testingConfigurator5slices-0-20240408-14:54:13-23197),
0,0,0,51,0.0935537776,51,1.0935537776,40,2.528475133822,1.434921356222000001,2.528682413822,40,2.528682413822,1.395020710622000053
0,1,0.0935537776,47,2.528475133822,47,1.1435537776,40,4.652073206044,2.123598072221999358,4.652255110044,888,4.652255110044,2.076523267421999987
,,1.0935537776,87,2.528682413822,87,1.1935537776,40,,,,,4.652255110044,2.076523267421999987
,,2.528475133822,447,4.652073206044,47,1.2435537776,40,,,,,4.652255110044,2.076523267421999987
,,2.528682413822,47,4.652255110044,935,1.2935537776,40,,,,,4.652255110044,2.076523267421999987
,,4.652255110044,47,,,1.3435537776,40,,,,,4.652255110044,2.076523267421999987
,,,,,,1.3935537776,40,,,,,4.652255110044,2.076523267421999987
,,,,,,1.4435537776,40,,,,,4.652255110044,2.076523267421999987
,,,,,,1.4935537776,40,,,,,4.652255110044,2.076523267421999987
,,,,,,1.5435537776,40,,,,,4.652255110044,2.076523267421999987
,,,,,,1.5935537776,40,,,,,4.652255110044,2.076523267421999987
