numActiveSessions:vector baselineTestQoS.hostSSH[153].app[0] (#0 - testingConfigurator5slices-0-20240408-14:54:13-23197),,txPk:vector(packetBytes) baselineTestQoS.hostSSH[153].ppp[0].ppp (#0 - testingConfigurator5slices-0-20240408-14:54:13-23197),,rxPkOk:vector(packetBytes) baselineTestQoS.hostSSH[153].ppp[0].ppp (#0 - testingConfigurator5slices-0-20240408-14:54:13-23197),,packetSent:vector(packetBytes) baselineTestQoS.hostSSH[153].app[0] (#0 - testingConfigurator5slices-0-20240408-14:54:13-23197),,rtt:vector baselineTestQoS.hostSSH[153].tcp.conn-2129 (#0 - testingConfigurator5slices-0-20240408-14:54:13-23197),,packetReceived:vector(packetBytes) baselineTestQoS.hostSSH[153].app[0] (#0 - testingConfigurator5slices-0-20240408-14:54:13-23197),,endToEndDelay:vector baselineTestQoS.hostSSH[153].app[0] (#0 - testingConfigurator5slices-0-20240408-14:54:13-23197),
0,0,0,51,0.0959068176,51,1.0959068176,40,2.545440093022,1.449533275422000047,2.545547373022,40,2.545547373022,1.409532629821999887
0,1,0.0959068176,47,2.545440093022,47,1.1459068176,40,4.719040285519,2.173600192497000087,4.719328189519,888,4.719328189519,2.120380426896999452
,,1.0959068176,87,2.545547373022,87,1.1959068176,40,,,,,4.719328189519,2.120380426896999452
,,2.545440093022,447,4.719040285519,47,1.2459068176,40,,,,,4.719328189519,2.120380426896999452
,,2.545547373022,47,4.719328189519,935,1.2959068176,40,,,,,4.719328189519,2.120380426896999452
,,4.719328189519,47,,,1.3459068176,40,,,,,4.719328189519,2.120380426896999452
,,,,,,1.3959068176,40,,,,,4.719328189519,2.120380426896999452
,,,,,,1.4459068176,40,,,,,4.719328189519,2.120380426896999452
,,,,,,1.4959068176,40,,,,,4.719328189519,2.120380426896999452
,,,,,,1.5459068176,40,,,,,4.719328189519,2.120380426896999452
,,,,,,1.5959068176,40,,,,,4.719328189519,2.120380426896999452
