numActiveSessions:vector baselineTestQoS.hostSSH[186].app[0] (#0 - testingConfigurator5slices-0-20240408-14:54:13-23197),,txPk:vector(packetBytes) baselineTestQoS.hostSSH[186].ppp[0].ppp (#0 - testingConfigurator5slices-0-20240408-14:54:13-23197),,rxPkOk:vector(packetBytes) baselineTestQoS.hostSSH[186].ppp[0].ppp (#0 - testingConfigurator5slices-0-20240408-14:54:13-23197),,packetSent:vector(packetBytes) baselineTestQoS.hostSSH[186].app[0] (#0 - testingConfigurator5slices-0-20240408-14:54:13-23197),,rtt:vector baselineTestQoS.hostSSH[186].tcp.conn-2162 (#0 - testingConfigurator5slices-0-20240408-14:54:13-23197),,packetReceived:vector(packetBytes) baselineTestQoS.hostSSH[186].app[0] (#0 - testingConfigurator5slices-0-20240408-14:54:13-23197),,endToEndDelay:vector baselineTestQoS.hostSSH[186].app[0] (#0 - testingConfigurator5slices-0-20240408-14:54:13-23197),
0,0,0,51,0.1019414576,51,1.1019414576,40,2.5719403264,1.46999886879999985,2.5720476064,40,2.5720476064,1.429485983199999747
0,1,0.1019414576,47,2.5719403264,47,1.1519414576,40,4.856295424,2.28435509759999976,4.856617168,888,4.856617168,2.199112722177999571
,,1.1019414576,87,2.5720476064,87,1.2019414576,40,,,,,4.856617168,2.199112722177999571
,,2.5719403264,447,4.856295424,47,1.2519414576,40,,,,,4.856617168,2.199112722177999571
,,2.5720476064,47,4.856617168,935,1.3019414576,40,,,,,4.856617168,2.199112722177999571
,,4.856617168,47,,,1.3519414576,40,,,,,4.856617168,2.199112722177999571
,,,,,,1.4019414576,40,,,,,4.856617168,2.199112722177999571
,,,,,,1.4519414576,40,,,,,4.856617168,2.199112722177999571
,,,,,,1.5019414576,40,,,,,4.856617168,2.199112722177999571
,,,,,,1.5519414576,40,,,,,4.856617168,2.199112722177999571
,,,,,,1.6019414576,40,,,,,4.856617168,2.199112722177999571
