numActiveSessions:vector baselineTestQoS.hostSSH[138].app[0] (#0 - testingConfigurator5slices-0-20240408-14:54:13-23197),,txPk:vector(packetBytes) baselineTestQoS.hostSSH[138].ppp[0].ppp (#0 - testingConfigurator5slices-0-20240408-14:54:13-23197),,rxPkOk:vector(packetBytes) baselineTestQoS.hostSSH[138].ppp[0].ppp (#0 - testingConfigurator5slices-0-20240408-14:54:13-23197),,packetSent:vector(packetBytes) baselineTestQoS.hostSSH[138].app[0] (#0 - testingConfigurator5slices-0-20240408-14:54:13-23197),,rtt:vector baselineTestQoS.hostSSH[138].tcp.conn-2114 (#0 - testingConfigurator5slices-0-20240408-14:54:13-23197),,packetReceived:vector(packetBytes) baselineTestQoS.hostSSH[138].app[0] (#0 - testingConfigurator5slices-0-20240408-14:54:13-23197),,endToEndDelay:vector baselineTestQoS.hostSSH[138].app[0] (#0 - testingConfigurator5slices-0-20240408-14:54:13-23197),
0,0,0,51,0.0931456176,51,1.0931456176,40,2.527553693822,1.434408076221999722,2.527660973822,40,2.527660973822,1.394407430622000003
0,1,0.0931456176,47,2.527553693822,47,1.1431456176,40,4.644985774422,2.117432080599999535,4.645273678422,888,4.645273678422,2.07305281077799996
,,1.0931456176,87,2.527660973822,87,1.1931456176,40,,,,,4.645273678422,2.07305281077799996
,,2.527553693822,447,4.644985774422,47,1.2431456176,40,,,,,4.645273678422,2.07305281077799996
,,2.527660973822,47,4.645273678422,935,1.2931456176,40,,,,,4.645273678422,2.07305281077799996
,,4.645273678422,47,,,1.3431456176,40,,,,,4.645273678422,2.07305281077799996
,,,,,,1.3931456176,40,,,,,4.645273678422,2.07305281077799996
,,,,,,1.4431456176,40,,,,,4.645273678422,2.07305281077799996
,,,,,,1.4931456176,40,,,,,4.645273678422,2.07305281077799996
,,,,,,1.5431456176,40,,,,,4.645273678422,2.07305281077799996
,,,,,,1.5931456176,40,,,,,4.645273678422,2.07305281077799996
