numActiveSessions:vector baselineTestQoS.hostSSH[136].app[0] (#0 - testingConfigurator5slices-0-20240408-14:54:13-23197),,txPk:vector(packetBytes) baselineTestQoS.hostSSH[136].ppp[0].ppp (#0 - testingConfigurator5slices-0-20240408-14:54:13-23197),,rxPkOk:vector(packetBytes) baselineTestQoS.hostSSH[136].ppp[0].ppp (#0 - testingConfigurator5slices-0-20240408-14:54:13-23197),,packetSent:vector(packetBytes) baselineTestQoS.hostSSH[136].app[0] (#0 - testingConfigurator5slices-0-20240408-14:54:13-23197),,rtt:vector baselineTestQoS.hostSSH[136].tcp.conn-2112 (#0 - testingConfigurator5slices-0-20240408-14:54:13-23197),,packetReceived:vector(packetBytes) baselineTestQoS.hostSSH[136].app[0] (#0 - testingConfigurator5slices-0-20240408-14:54:13-23197),,endToEndDelay:vector baselineTestQoS.hostSSH[136].app[0] (#0 - testingConfigurator5slices-0-20240408-14:54:13-23197),
0,0,0,51,0.0927374576,51,1.0927374576,40,2.526532253822,1.433794796221999672,2.526739533822,40,2.526739533822,1.393991270621999672
0,1,0.0927374576,47,2.526532253822,47,1.1427374576,40,4.637987459644,2.111455205821999738,4.638269363644,888,4.638269363644,2.069654336221999447
,,1.0927374576,87,2.526739533822,87,1.1927374576,40,,,,,4.638269363644,2.069654336221999447
,,2.526532253822,447,4.637987459644,47,1.2427374576,40,,,,,4.638269363644,2.069654336221999447
,,2.526739533822,47,4.638269363644,935,1.2927374576,40,,,,,4.638269363644,2.069654336221999447
,,4.638269363644,47,,,1.3427374576,40,,,,,4.638269363644,2.069654336221999447
,,,,,,1.3927374576,40,,,,,4.638269363644,2.069654336221999447
,,,,,,1.4427374576,40,,,,,4.638269363644,2.069654336221999447
,,,,,,1.4927374576,40,,,,,4.638269363644,2.069654336221999447
,,,,,,1.5427374576,40,,,,,4.638269363644,2.069654336221999447
,,,,,,1.5927374576,40,,,,,4.638269363644,2.069654336221999447
