numActiveSessions:vector baselineTestQoS.hostSSH[131].app[0] (#0 - testingConfigurator5slices-0-20240408-14:54:13-23197),,txPk:vector(packetBytes) baselineTestQoS.hostSSH[131].ppp[0].ppp (#0 - testingConfigurator5slices-0-20240408-14:54:13-23197),,rxPkOk:vector(packetBytes) baselineTestQoS.hostSSH[131].ppp[0].ppp (#0 - testingConfigurator5slices-0-20240408-14:54:13-23197),,packetSent:vector(packetBytes) baselineTestQoS.hostSSH[131].app[0] (#0 - testingConfigurator5slices-0-20240408-14:54:13-23197),,rtt:vector baselineTestQoS.hostSSH[131].tcp.conn-2107 (#0 - testingConfigurator5slices-0-20240408-14:54:13-23197),,packetReceived:vector(packetBytes) baselineTestQoS.hostSSH[131].app[0] (#0 - testingConfigurator5slices-0-20240408-14:54:13-23197),,endToEndDelay:vector baselineTestQoS.hostSSH[131].app[0] (#0 - testingConfigurator5slices-0-20240408-14:54:13-23197),
0,0,0,51,0.0919170576,51,1.0919170576,40,2.524178653822,1.43226159622199977,2.524385933822,40,2.524385933822,1.392360950621999821
0,1,0.0919170576,47,2.524178653822,47,1.1419170576,40,4.620516456,2.096337802177999688,4.62069836,888,4.62069836,2.056379812578000171
,,1.0919170576,87,2.524385933822,87,1.1919170576,40,,,,,4.62069836,2.056379812578000171
,,2.524178653822,447,4.620516456,47,1.2419170576,40,,,,,4.62069836,2.056379812578000171
,,2.524385933822,47,4.62069836,935,1.2919170576,40,,,,,4.62069836,2.056379812578000171
,,4.62069836,47,,,1.3419170576,40,,,,,4.62069836,2.056379812578000171
,,,,,,1.3919170576,40,,,,,4.62069836,2.056379812578000171
,,,,,,1.4419170576,40,,,,,4.62069836,2.056379812578000171
,,,,,,1.4919170576,40,,,,,4.62069836,2.056379812578000171
,,,,,,1.5419170576,40,,,,,4.62069836,2.056379812578000171
,,,,,,1.5919170576,40,,,,,4.62069836,2.056379812578000171
