numActiveSessions:vector baselineTestQoS.hostSSH[176].app[0] (#0 - testingConfigurator5slices-0-20240408-14:54:13-23197),,txPk:vector(packetBytes) baselineTestQoS.hostSSH[176].ppp[0].ppp (#0 - testingConfigurator5slices-0-20240408-14:54:13-23197),,rxPkOk:vector(packetBytes) baselineTestQoS.hostSSH[176].ppp[0].ppp (#0 - testingConfigurator5slices-0-20240408-14:54:13-23197),,packetSent:vector(packetBytes) baselineTestQoS.hostSSH[176].app[0] (#0 - testingConfigurator5slices-0-20240408-14:54:13-23197),,rtt:vector baselineTestQoS.hostSSH[176].tcp.conn-2152 (#0 - testingConfigurator5slices-0-20240408-14:54:13-23197),,packetReceived:vector(packetBytes) baselineTestQoS.hostSSH[176].app[0] (#0 - testingConfigurator5slices-0-20240408-14:54:13-23197),,endToEndDelay:vector baselineTestQoS.hostSSH[176].app[0] (#0 - testingConfigurator5slices-0-20240408-14:54:13-23197),
0,0,0,51,0.100004748,51,1.100004748,40,2.5671411536,1.467136405599999797,2.5673484336,40,2.5673484336,1.427235759999999845
0,1,0.100004748,47,2.5671411536,47,1.150004748,40,4.82107556666,2.253934413059999632,4.82135747066,888,4.82135747066,2.18150370803799997
,,1.100004748,87,2.5673484336,87,1.200004748,40,,,,,4.82135747066,2.18150370803799997
,,2.5671411536,447,4.82107556666,47,1.250004748,40,,,,,4.82135747066,2.18150370803799997
,,2.5673484336,47,4.82135747066,935,1.300004748,40,,,,,4.82135747066,2.18150370803799997
,,4.82135747066,47,,,1.350004748,40,,,,,4.82135747066,2.18150370803799997
,,,,,,1.400004748,40,,,,,4.82135747066,2.18150370803799997
,,,,,,1.450004748,40,,,,,4.82135747066,2.18150370803799997
,,,,,,1.500004748,40,,,,,4.82135747066,2.18150370803799997
,,,,,,1.550004748,40,,,,,4.82135747066,2.18150370803799997
,,,,,,1.600004748,40,,,,,4.82135747066,2.18150370803799997
