numActiveSessions:vector baselineTestQoS.hostSSH[165].app[0] (#0 - testingConfigurator5slices-0-20240408-14:54:13-23197),,txPk:vector(packetBytes) baselineTestQoS.hostSSH[165].ppp[0].ppp (#0 - testingConfigurator5slices-0-20240408-14:54:13-23197),,rxPkOk:vector(packetBytes) baselineTestQoS.hostSSH[165].ppp[0].ppp (#0 - testingConfigurator5slices-0-20240408-14:54:13-23197),,packetSent:vector(packetBytes) baselineTestQoS.hostSSH[165].app[0] (#0 - testingConfigurator5slices-0-20240408-14:54:13-23197),,rtt:vector baselineTestQoS.hostSSH[165].tcp.conn-2141 (#0 - testingConfigurator5slices-0-20240408-14:54:13-23197),,packetReceived:vector(packetBytes) baselineTestQoS.hostSSH[165].app[0] (#0 - testingConfigurator5slices-0-20240408-14:54:13-23197),,endToEndDelay:vector baselineTestQoS.hostSSH[165].app[0] (#0 - testingConfigurator5slices-0-20240408-14:54:13-23197),
0,0,0,51,0.0980557776,51,1.0980557776,40,2.55115579978,1.453100022179999665,2.55136307978,40,2.55136307978,1.413199376579999716
0,1,0.0980557776,47,2.55115579978,47,1.1480557776,40,4.76107556666,2.209919766879999682,4.76135747066,888,4.76135747066,2.141190264037999383
,,1.0980557776,87,2.55136307978,87,1.1980557776,40,,,,,4.76135747066,2.141190264037999383
,,2.55115579978,447,4.76107556666,47,1.2480557776,40,,,,,4.76135747066,2.141190264037999383
,,2.55136307978,47,4.76135747066,935,1.2980557776,40,,,,,4.76135747066,2.141190264037999383
,,4.76135747066,47,,,1.3480557776,40,,,,,4.76135747066,2.141190264037999383
,,,,,,1.3980557776,40,,,,,4.76135747066,2.141190264037999383
,,,,,,1.4480557776,40,,,,,4.76135747066,2.141190264037999383
,,,,,,1.4980557776,40,,,,,4.76135747066,2.141190264037999383
,,,,,,1.5480557776,40,,,,,4.76135747066,2.141190264037999383
,,,,,,1.5980557776,40,,,,,4.76135747066,2.141190264037999383
