numActiveSessions:vector baselineTestQoS.hostSSH[175].app[0] (#0 - testingConfigurator5slices-0-20240408-14:54:13-23197),,txPk:vector(packetBytes) baselineTestQoS.hostSSH[175].ppp[0].ppp (#0 - testingConfigurator5slices-0-20240408-14:54:13-23197),,rxPkOk:vector(packetBytes) baselineTestQoS.hostSSH[175].ppp[0].ppp (#0 - testingConfigurator5slices-0-20240408-14:54:13-23197),,packetSent:vector(packetBytes) baselineTestQoS.hostSSH[175].app[0] (#0 - testingConfigurator5slices-0-20240408-14:54:13-23197),,rtt:vector baselineTestQoS.hostSSH[175].tcp.conn-2151 (#0 - testingConfigurator5slices-0-20240408-14:54:13-23197),,packetReceived:vector(packetBytes) baselineTestQoS.hostSSH[175].app[0] (#0 - testingConfigurator5slices-0-20240408-14:54:13-23197),,endToEndDelay:vector baselineTestQoS.hostSSH[175].app[0] (#0 - testingConfigurator5slices-0-20240408-14:54:13-23197),
0,0,0,51,0.0998965776,51,1.0998965776,40,2.5666304336,1.466733855999999828,2.5668377136,40,2.5668377136,1.42683321039999988
0,1,0.0998965776,47,2.5666304336,47,1.1498965776,40,4.817624951103,2.250994517502999938,4.817806855103,888,4.817806855103,2.179692612480999425
,,1.0998965776,87,2.5668377136,87,1.1998965776,40,,,,,4.817806855103,2.179692612480999425
,,2.5666304336,447,4.817624951103,47,1.2498965776,40,,,,,4.817806855103,2.179692612480999425
,,2.5668377136,47,4.817806855103,935,1.2998965776,40,,,,,4.817806855103,2.179692612480999425
,,4.817806855103,47,,,1.3498965776,40,,,,,4.817806855103,2.179692612480999425
,,,,,,1.3998965776,40,,,,,4.817806855103,2.179692612480999425
,,,,,,1.4498965776,40,,,,,4.817806855103,2.179692612480999425
,,,,,,1.4998965776,40,,,,,4.817806855103,2.179692612480999425
,,,,,,1.5498965776,40,,,,,4.817806855103,2.179692612480999425
,,,,,,1.5998965776,40,,,,,4.817806855103,2.179692612480999425
