numActiveSessions:vector baselineTestQoS.hostSSH[159].app[0] (#0 - testingConfigurator5slices-0-20240408-14:54:13-23197),,txPk:vector(packetBytes) baselineTestQoS.hostSSH[159].ppp[0].ppp (#0 - testingConfigurator5slices-0-20240408-14:54:13-23197),,rxPkOk:vector(packetBytes) baselineTestQoS.hostSSH[159].ppp[0].ppp (#0 - testingConfigurator5slices-0-20240408-14:54:13-23197),,packetSent:vector(packetBytes) baselineTestQoS.hostSSH[159].app[0] (#0 - testingConfigurator5slices-0-20240408-14:54:13-23197),,rtt:vector baselineTestQoS.hostSSH[159].tcp.conn-2135 (#0 - testingConfigurator5slices-0-20240408-14:54:13-23197),,packetReceived:vector(packetBytes) baselineTestQoS.hostSSH[159].app[0] (#0 - testingConfigurator5slices-0-20240408-14:54:13-23197),,endToEndDelay:vector baselineTestQoS.hostSSH[159].app[0] (#0 - testingConfigurator5slices-0-20240408-14:54:13-23197),
0,0,0,51,0.0969312976,51,1.0969312976,40,2.548304413022,1.451373115421999751,2.548411693022,40,2.548411693022,1.411469589821999985
0,1,0.0969312976,47,2.548304413022,47,1.1469312976,40,4.74006956666,2.19176515363799939,4.74035747066,888,4.74035747066,2.130824059015999688
,,1.0969312976,87,2.548411693022,87,1.1969312976,40,,,,,4.74035747066,2.130824059015999688
,,2.548304413022,447,4.74006956666,47,1.2469312976,40,,,,,4.74035747066,2.130824059015999688
,,2.548411693022,47,4.74035747066,935,1.2969312976,40,,,,,4.74035747066,2.130824059015999688
,,4.74035747066,47,,,1.3469312976,40,,,,,4.74035747066,2.130824059015999688
,,,,,,1.3969312976,40,,,,,4.74035747066,2.130824059015999688
,,,,,,1.4469312976,40,,,,,4.74035747066,2.130824059015999688
,,,,,,1.4969312976,40,,,,,4.74035747066,2.130824059015999688
,,,,,,1.5469312976,40,,,,,4.74035747066,2.130824059015999688
,,,,,,1.5969312976,40,,,,,4.74035747066,2.130824059015999688
