numActiveSessions:vector baselineTestQoS.hostSSH[193].app[0] (#0 - testingConfigurator5slices-0-20240408-14:54:13-23197),,txPk:vector(packetBytes) baselineTestQoS.hostSSH[193].ppp[0].ppp (#0 - testingConfigurator5slices-0-20240408-14:54:13-23197),,rxPkOk:vector(packetBytes) baselineTestQoS.hostSSH[193].ppp[0].ppp (#0 - testingConfigurator5slices-0-20240408-14:54:13-23197),,packetSent:vector(packetBytes) baselineTestQoS.hostSSH[193].app[0] (#0 - testingConfigurator5slices-0-20240408-14:54:13-23197),,rtt:vector baselineTestQoS.hostSSH[193].tcp.conn-2169 (#0 - testingConfigurator5slices-0-20240408-14:54:13-23197),,packetReceived:vector(packetBytes) baselineTestQoS.hostSSH[193].app[0] (#0 - testingConfigurator5slices-0-20240408-14:54:13-23197),,endToEndDelay:vector baselineTestQoS.hostSSH[193].app[0] (#0 - testingConfigurator5slices-0-20240408-14:54:13-23197),
0,0,0,51,0.1031700176,51,1.1031700176,40,2.575224173022,1.472054155421999682,2.575431453022,40,2.575431453022,1.430679725599999667
0,1,0.1031700176,47,2.575224173022,47,1.1531700176,40,4.88077556666,2.305551393637999868,4.88095747066,888,4.88095747066,2.211040160837999468
,,1.1031700176,87,2.575431453022,87,1.2031700176,40,,,,,4.88095747066,2.211040160837999468
,,2.575224173022,447,4.88077556666,47,1.2531700176,40,,,,,4.88095747066,2.211040160837999468
,,2.575431453022,47,4.88095747066,935,1.3031700176,40,,,,,4.88095747066,2.211040160837999468
,,4.88095747066,47,,,1.3531700176,40,,,,,4.88095747066,2.211040160837999468
,,,,,,1.4031700176,40,,,,,4.88095747066,2.211040160837999468
,,,,,,1.4531700176,40,,,,,4.88095747066,2.211040160837999468
,,,,,,1.5031700176,40,,,,,4.88095747066,2.211040160837999468
,,,,,,1.5531700176,40,,,,,4.88095747066,2.211040160837999468
,,,,,,1.6031700176,40,,,,,4.88095747066,2.211040160837999468
