numActiveSessions:vector baselineTestQoS.hostSSH[130].app[0] (#0 - testingConfigurator5slices-0-20240408-14:54:13-23197),,txPk:vector(packetBytes) baselineTestQoS.hostSSH[130].ppp[0].ppp (#0 - testingConfigurator5slices-0-20240408-14:54:13-23197),,rxPkOk:vector(packetBytes) baselineTestQoS.hostSSH[130].ppp[0].ppp (#0 - testingConfigurator5slices-0-20240408-14:54:13-23197),,packetSent:vector(packetBytes) baselineTestQoS.hostSSH[130].app[0] (#0 - testingConfigurator5slices-0-20240408-14:54:13-23197),,rtt:vector baselineTestQoS.hostSSH[130].tcp.conn-2106 (#0 - testingConfigurator5slices-0-20240408-14:54:13-23197),,packetReceived:vector(packetBytes) baselineTestQoS.hostSSH[130].app[0] (#0 - testingConfigurator5slices-0-20240408-14:54:13-23197),,endToEndDelay:vector baselineTestQoS.hostSSH[130].app[0] (#0 - testingConfigurator5slices-0-20240408-14:54:13-23197),
0,0,0,51,0.0917129776,51,1.0917129776,40,2.523667933822,1.43195495622199997,2.523875213822,40,2.523875213822,1.392054310622000018
0,1,0.0917129776,47,2.523667933822,47,1.1417129776,40,4.616979828077,2.093311894254999741,4.617161732077,888,4.617161732077,2.053353904654999331
,,1.0917129776,87,2.523875213822,87,1.1917129776,40,,,,,4.617161732077,2.053353904654999331
,,2.523667933822,447,4.616979828077,47,1.2417129776,40,,,,,4.617161732077,2.053353904654999331
,,2.523875213822,47,4.617161732077,935,1.2917129776,40,,,,,4.617161732077,2.053353904654999331
,,4.617161732077,47,,,1.3417129776,40,,,,,4.617161732077,2.053353904654999331
,,,,,,1.3917129776,40,,,,,4.617161732077,2.053353904654999331
,,,,,,1.4417129776,40,,,,,4.617161732077,2.053353904654999331
,,,,,,1.4917129776,40,,,,,4.617161732077,2.053353904654999331
,,,,,,1.5417129776,40,,,,,4.617161732077,2.053353904654999331
,,,,,,1.5917129776,40,,,,,4.617161732077,2.053353904654999331
