numActiveSessions:vector baselineTestQoS.hostSSH[146].app[0] (#0 - testingConfigurator5slices-0-20240408-14:54:13-23197),,txPk:vector(packetBytes) baselineTestQoS.hostSSH[146].ppp[0].ppp (#0 - testingConfigurator5slices-0-20240408-14:54:13-23197),,rxPkOk:vector(packetBytes) baselineTestQoS.hostSSH[146].ppp[0].ppp (#0 - testingConfigurator5slices-0-20240408-14:54:13-23197),,packetSent:vector(packetBytes) baselineTestQoS.hostSSH[146].app[0] (#0 - testingConfigurator5slices-0-20240408-14:54:13-23197),,rtt:vector baselineTestQoS.hostSSH[146].tcp.conn-2122 (#0 - testingConfigurator5slices-0-20240408-14:54:13-23197),,packetReceived:vector(packetBytes) baselineTestQoS.hostSSH[146].app[0] (#0 - testingConfigurator5slices-0-20240408-14:54:13-23197),,endToEndDelay:vector baselineTestQoS.hostSSH[146].app[0] (#0 - testingConfigurator5slices-0-20240408-14:54:13-23197),
0,0,0,51,0.0945782576,51,1.0945782576,40,2.542091133022,1.447512875421999907,2.542214573022,40,2.542214573022,1.407625509822000068
0,1,0.0945782576,47,2.542091133022,47,1.1445782576,40,4.694479828077,2.152388695054999512,4.694761732077,888,4.694761732077,2.108156545454999522
,,1.0945782576,87,2.542214573022,87,1.1945782576,40,,,,,4.694761732077,2.108156545454999522
,,2.542091133022,447,4.694479828077,47,1.2445782576,40,,,,,4.694761732077,2.108156545454999522
,,2.542214573022,47,4.694761732077,935,1.2945782576,40,,,,,4.694761732077,2.108156545454999522
,,4.694761732077,47,,,1.3445782576,40,,,,,4.694761732077,2.108156545454999522
,,,,,,1.3945782576,40,,,,,4.694761732077,2.108156545454999522
,,,,,,1.4445782576,40,,,,,4.694761732077,2.108156545454999522
,,,,,,1.4945782576,40,,,,,4.694761732077,2.108156545454999522
,,,,,,1.5445782576,40,,,,,4.694761732077,2.108156545454999522
,,,,,,1.5945782576,40,,,,,4.694761732077,2.108156545454999522
