numActiveSessions:vector baselineTestQoS.hostSSH[190].app[0] (#0 - testingConfigurator5slices-0-20240408-14:54:13-23197),,txPk:vector(packetBytes) baselineTestQoS.hostSSH[190].ppp[0].ppp (#0 - testingConfigurator5slices-0-20240408-14:54:13-23197),,rxPkOk:vector(packetBytes) baselineTestQoS.hostSSH[190].ppp[0].ppp (#0 - testingConfigurator5slices-0-20240408-14:54:13-23197),,packetSent:vector(packetBytes) baselineTestQoS.hostSSH[190].app[0] (#0 - testingConfigurator5slices-0-20240408-14:54:13-23197),,rtt:vector baselineTestQoS.hostSSH[190].tcp.conn-2166 (#0 - testingConfigurator5slices-0-20240408-14:54:13-23197),,packetReceived:vector(packetBytes) baselineTestQoS.hostSSH[190].app[0] (#0 - testingConfigurator5slices-0-20240408-14:54:13-23197),,endToEndDelay:vector baselineTestQoS.hostSSH[190].app[0] (#0 - testingConfigurator5slices-0-20240408-14:54:13-23197),
0,0,0,51,0.1026577776,51,1.1026577776,40,2.5737832064,1.47112542879999974,2.5739904864,40,2.5739904864,1.430200303199999903
0,1,0.1026577776,47,2.5737832064,47,1.1526577776,40,4.870209218422,2.296426012021999682,4.870491122422,888,4.870491122422,2.205887092599999363
,,1.1026577776,87,2.5739904864,87,1.2026577776,40,,,,,4.870491122422,2.205887092599999363
,,2.5737832064,447,4.870209218422,47,1.2526577776,40,,,,,4.870491122422,2.205887092599999363
,,2.5739904864,47,4.870491122422,935,1.3026577776,40,,,,,4.870491122422,2.205887092599999363
,,4.870491122422,47,,,1.3526577776,40,,,,,4.870491122422,2.205887092599999363
,,,,,,1.4026577776,40,,,,,4.870491122422,2.205887092599999363
,,,,,,1.4526577776,40,,,,,4.870491122422,2.205887092599999363
,,,,,,1.5026577776,40,,,,,4.870491122422,2.205887092599999363
,,,,,,1.5526577776,40,,,,,4.870491122422,2.205887092599999363
,,,,,,1.6026577776,40,,,,,4.870491122422,2.205887092599999363
