numActiveSessions:vector baselineTestQoS.hostSSH[156].app[0] (#0 - testingConfigurator5slices-0-20240408-14:54:13-23197),,txPk:vector(packetBytes) baselineTestQoS.hostSSH[156].ppp[0].ppp (#0 - testingConfigurator5slices-0-20240408-14:54:13-23197),,rxPkOk:vector(packetBytes) baselineTestQoS.hostSSH[156].ppp[0].ppp (#0 - testingConfigurator5slices-0-20240408-14:54:13-23197),,packetSent:vector(packetBytes) baselineTestQoS.hostSSH[156].app[0] (#0 - testingConfigurator5slices-0-20240408-14:54:13-23197),,rtt:vector baselineTestQoS.hostSSH[156].tcp.conn-2132 (#0 - testingConfigurator5slices-0-20240408-14:54:13-23197),,packetReceived:vector(packetBytes) baselineTestQoS.hostSSH[156].app[0] (#0 - testingConfigurator5slices-0-20240408-14:54:13-23197),,endToEndDelay:vector baselineTestQoS.hostSSH[156].app[0] (#0 - testingConfigurator5slices-0-20240408-14:54:13-23197),
0,0,0,51,0.0964190576,51,1.0964190576,40,2.546872253022,1.450453195421999901,2.546979533022,40,2.546979533022,1.410452549821999738
0,1,0.0964190576,47,2.546872253022,47,1.1464190576,40,4.729595438044,2.182723185021999682,4.729777342044,888,4.729777342044,2.125512927422000145
,,1.0964190576,87,2.546979533022,87,1.1964190576,40,,,,,4.729777342044,2.125512927422000145
,,2.546872253022,447,4.729595438044,47,1.2464190576,40,,,,,4.729777342044,2.125512927422000145
,,2.546979533022,47,4.729777342044,935,1.2964190576,40,,,,,4.729777342044,2.125512927422000145
,,4.729777342044,47,,,1.3464190576,40,,,,,4.729777342044,2.125512927422000145
,,,,,,1.3964190576,40,,,,,4.729777342044,2.125512927422000145
,,,,,,1.4464190576,40,,,,,4.729777342044,2.125512927422000145
,,,,,,1.4964190576,40,,,,,4.729777342044,2.125512927422000145
,,,,,,1.5464190576,40,,,,,4.729777342044,2.125512927422000145
,,,,,,1.5964190576,40,,,,,4.729777342044,2.125512927422000145
