numActiveSessions:vector baselineTestQoS.hostSSH[200].app[0] (#0 - testingConfigurator5slices-0-20240408-14:54:13-23197),,txPk:vector(packetBytes) baselineTestQoS.hostSSH[200].ppp[0].ppp (#0 - testingConfigurator5slices-0-20240408-14:54:13-23197),,rxPkOk:vector(packetBytes) baselineTestQoS.hostSSH[200].ppp[0].ppp (#0 - testingConfigurator5slices-0-20240408-14:54:13-23197),,packetSent:vector(packetBytes) baselineTestQoS.hostSSH[200].app[0] (#0 - testingConfigurator5slices-0-20240408-14:54:13-23197),,rtt:vector baselineTestQoS.hostSSH[200].tcp.conn-2176 (#0 - testingConfigurator5slices-0-20240408-14:54:13-23197),,packetReceived:vector(packetBytes) baselineTestQoS.hostSSH[200].app[0] (#0 - testingConfigurator5slices-0-20240408-14:54:13-23197),,endToEndDelay:vector baselineTestQoS.hostSSH[200].app[0] (#0 - testingConfigurator5slices-0-20240408-14:54:13-23197),
0,0,0,51,0.1043985776,51,1.1043985776,40,2.578588257022,1.47418967942199996,2.578795537022,40,2.578795537022,1.431895089599999775
0,1,0.1043985776,47,2.578588257022,47,1.1543985776,40,4.898540292077,2.319952035054999572,4.898540292077,888,4.898540292077,2.216280406254999658
,,1.1043985776,87,2.578795537022,87,1.2043985776,40,,,,,4.898540292077,2.216280406254999658
,,2.578588257022,447,4.898540292077,935,1.2543985776,40,,,,,4.898540292077,2.216280406254999658
,,2.578795537022,47,,,1.3043985776,40,,,,,4.898540292077,2.216280406254999658
,,4.898540292077,47,,,1.3543985776,40,,,,,4.898540292077,2.216280406254999658
,,,,,,1.4043985776,40,,,,,4.898540292077,2.216280406254999658
,,,,,,1.4543985776,40,,,,,4.898540292077,2.216280406254999658
,,,,,,1.5043985776,40,,,,,4.898540292077,2.216280406254999658
,,,,,,1.5543985776,40,,,,,4.898540292077,2.216280406254999658
,,,,,,1.6043985776,40,,,,,4.898540292077,2.216280406254999658
