numActiveSessions:vector baselineTestQoS.hostSSH[192].app[0] (#0 - testingConfigurator5slices-0-20240408-14:54:13-23197),,txPk:vector(packetBytes) baselineTestQoS.hostSSH[192].ppp[0].ppp (#0 - testingConfigurator5slices-0-20240408-14:54:13-23197),,rxPkOk:vector(packetBytes) baselineTestQoS.hostSSH[192].ppp[0].ppp (#0 - testingConfigurator5slices-0-20240408-14:54:13-23197),,packetSent:vector(packetBytes) baselineTestQoS.hostSSH[192].app[0] (#0 - testingConfigurator5slices-0-20240408-14:54:13-23197),,rtt:vector baselineTestQoS.hostSSH[192].tcp.conn-2168 (#0 - testingConfigurator5slices-0-20240408-14:54:13-23197),,packetReceived:vector(packetBytes) baselineTestQoS.hostSSH[192].app[0] (#0 - testingConfigurator5slices-0-20240408-14:54:13-23197),,endToEndDelay:vector baselineTestQoS.hostSSH[192].app[0] (#0 - testingConfigurator5slices-0-20240408-14:54:13-23197),
0,0,0,51,0.1029659376,51,1.1029659376,40,2.574813453022,1.47184751542200009,2.574920733022,40,2.574920733022,1.430518309821999781
0,1,0.1029659376,47,2.574813453022,47,1.1529659376,40,4.877218712077,2.302405259054999922,4.877500616077,888,4.877500616077,2.209422826254999522
,,1.1029659376,87,2.574920733022,87,1.2029659376,40,,,,,4.877500616077,2.209422826254999522
,,2.574813453022,447,4.877218712077,47,1.2529659376,40,,,,,4.877500616077,2.209422826254999522
,,2.574920733022,47,4.877500616077,935,1.3029659376,40,,,,,4.877500616077,2.209422826254999522
,,4.877500616077,47,,,1.3529659376,40,,,,,4.877500616077,2.209422826254999522
,,,,,,1.4029659376,40,,,,,4.877500616077,2.209422826254999522
,,,,,,1.4529659376,40,,,,,4.877500616077,2.209422826254999522
,,,,,,1.5029659376,40,,,,,4.877500616077,2.209422826254999522
,,,,,,1.5529659376,40,,,,,4.877500616077,2.209422826254999522
,,,,,,1.6029659376,40,,,,,4.877500616077,2.209422826254999522
