numActiveSessions:vector baselineTestQoS.hostSSH[197].app[0] (#0 - testingConfigurator5slices-0-20240408-14:54:13-23197),,txPk:vector(packetBytes) baselineTestQoS.hostSSH[197].ppp[0].ppp (#0 - testingConfigurator5slices-0-20240408-14:54:13-23197),,rxPkOk:vector(packetBytes) baselineTestQoS.hostSSH[197].ppp[0].ppp (#0 - testingConfigurator5slices-0-20240408-14:54:13-23197),,packetSent:vector(packetBytes) baselineTestQoS.hostSSH[197].app[0] (#0 - testingConfigurator5slices-0-20240408-14:54:13-23197),,rtt:vector baselineTestQoS.hostSSH[197].tcp.conn-2173 (#0 - testingConfigurator5slices-0-20240408-14:54:13-23197),,packetReceived:vector(packetBytes) baselineTestQoS.hostSSH[197].app[0] (#0 - testingConfigurator5slices-0-20240408-14:54:13-23197),,endToEndDelay:vector baselineTestQoS.hostSSH[197].app[0] (#0 - testingConfigurator5slices-0-20240408-14:54:13-23197),
0,0,0,51,0.1038863376,51,1.1038863376,40,2.577156097022,1.473269759421999663,2.577363377022,40,2.577363377022,1.431383809599999775
0,1,0.1038863376,47,2.577156097022,47,1.1538863376,40,4.894779828077,2.317623731054999845,4.895061732077,888,4.895061732077,2.218099595496999743
,,1.1038863376,87,2.577363377022,87,1.2038863376,40,,,,,4.895061732077,2.218099595496999743
,,2.577156097022,447,4.894779828077,47,1.2538863376,40,,,,,4.895061732077,2.218099595496999743
,,2.577363377022,47,4.895061732077,935,1.3038863376,40,,,,,4.895061732077,2.218099595496999743
,,4.895061732077,47,,,1.3538863376,40,,,,,4.895061732077,2.218099595496999743
,,,,,,1.4038863376,40,,,,,4.895061732077,2.218099595496999743
,,,,,,1.4538863376,40,,,,,4.895061732077,2.218099595496999743
,,,,,,1.5038863376,40,,,,,4.895061732077,2.218099595496999743
,,,,,,1.5538863376,40,,,,,4.895061732077,2.218099595496999743
,,,,,,1.6038863376,40,,,,,4.895061732077,2.218099595496999743
