numActiveSessions:vector baselineTestQoS.hostSSH[177].app[0] (#0 - testingConfigurator5slices-0-20240408-14:54:13-23197),,txPk:vector(packetBytes) baselineTestQoS.hostSSH[177].ppp[0].ppp (#0 - testingConfigurator5slices-0-20240408-14:54:13-23197),,rxPkOk:vector(packetBytes) baselineTestQoS.hostSSH[177].ppp[0].ppp (#0 - testingConfigurator5slices-0-20240408-14:54:13-23197),,packetSent:vector(packetBytes) baselineTestQoS.hostSSH[177].app[0] (#0 - testingConfigurator5slices-0-20240408-14:54:13-23197),,rtt:vector baselineTestQoS.hostSSH[177].tcp.conn-2153 (#0 - testingConfigurator5slices-0-20240408-14:54:13-23197),,packetReceived:vector(packetBytes) baselineTestQoS.hostSSH[177].app[0] (#0 - testingConfigurator5slices-0-20240408-14:54:13-23197),,endToEndDelay:vector baselineTestQoS.hostSSH[177].app[0] (#0 - testingConfigurator5slices-0-20240408-14:54:13-23197),
0,0,0,51,0.1002047376,51,1.1002047376,40,2.5676518736,1.467447136000000087,2.5677591536,40,2.5677591536,1.427446490399999926
0,1,0.1002047376,47,2.5676518736,47,1.1502047376,40,4.82465412666,2.257002253059999563,4.82483603066,888,4.82483603066,2.183151345059999738
,,1.1002047376,87,2.5677591536,87,1.2002047376,40,,,,,4.82483603066,2.183151345059999738
,,2.5676518736,447,4.82465412666,47,1.2502047376,40,,,,,4.82483603066,2.183151345059999738
,,2.5677591536,47,4.82483603066,935,1.3002047376,40,,,,,4.82483603066,2.183151345059999738
,,4.82483603066,47,,,1.3502047376,40,,,,,4.82483603066,2.183151345059999738
,,,,,,1.4002047376,40,,,,,4.82483603066,2.183151345059999738
,,,,,,1.4502047376,40,,,,,4.82483603066,2.183151345059999738
,,,,,,1.5002047376,40,,,,,4.82483603066,2.183151345059999738
,,,,,,1.5502047376,40,,,,,4.82483603066,2.183151345059999738
,,,,,,1.6002047376,40,,,,,4.82483603066,2.183151345059999738
