numActiveSessions:vector baselineTestQoS.hostSSH[135].app[0] (#0 - testingConfigurator5slices-0-20240408-14:54:13-23197),,txPk:vector(packetBytes) baselineTestQoS.hostSSH[135].ppp[0].ppp (#0 - testingConfigurator5slices-0-20240408-14:54:13-23197),,rxPkOk:vector(packetBytes) baselineTestQoS.hostSSH[135].ppp[0].ppp (#0 - testingConfigurator5slices-0-20240408-14:54:13-23197),,packetSent:vector(packetBytes) baselineTestQoS.hostSSH[135].app[0] (#0 - testingConfigurator5slices-0-20240408-14:54:13-23197),,rtt:vector baselineTestQoS.hostSSH[135].tcp.conn-2111 (#0 - testingConfigurator5slices-0-20240408-14:54:13-23197),,packetReceived:vector(packetBytes) baselineTestQoS.hostSSH[135].app[0] (#0 - testingConfigurator5slices-0-20240408-14:54:13-23197),,endToEndDelay:vector baselineTestQoS.hostSSH[135].app[0] (#0 - testingConfigurator5slices-0-20240408-14:54:13-23197),
0,0,0,51,0.0926333776,51,1.0926333776,40,2.526121533822,1.43348815622199987,2.526228813822,40,2.526228813822,1.393487510621999707
0,1,0.0926333776,47,2.526121533822,47,1.1426333776,40,4.634479828077,2.108358294254999868,4.634761732077,888,4.634761732077,2.067885504654999976
,,1.0926333776,87,2.526228813822,87,1.1926333776,40,,,,,4.634761732077,2.067885504654999976
,,2.526121533822,447,4.634479828077,47,1.2426333776,40,,,,,4.634761732077,2.067885504654999976
,,2.526228813822,47,4.634761732077,935,1.2926333776,40,,,,,4.634761732077,2.067885504654999976
,,4.634761732077,47,,,1.3426333776,40,,,,,4.634761732077,2.067885504654999976
,,,,,,1.3926333776,40,,,,,4.634761732077,2.067885504654999976
,,,,,,1.4426333776,40,,,,,4.634761732077,2.067885504654999976
,,,,,,1.4926333776,40,,,,,4.634761732077,2.067885504654999976
,,,,,,1.5426333776,40,,,,,4.634761732077,2.067885504654999976
,,,,,,1.5926333776,40,,,,,4.634761732077,2.067885504654999976
