numActiveSessions:vector baselineTestQoS.hostSSH[185].app[0] (#0 - testingConfigurator5slices-0-20240408-14:54:13-23197),,txPk:vector(packetBytes) baselineTestQoS.hostSSH[185].ppp[0].ppp (#0 - testingConfigurator5slices-0-20240408-14:54:13-23197),,rxPkOk:vector(packetBytes) baselineTestQoS.hostSSH[185].ppp[0].ppp (#0 - testingConfigurator5slices-0-20240408-14:54:13-23197),,packetSent:vector(packetBytes) baselineTestQoS.hostSSH[185].app[0] (#0 - testingConfigurator5slices-0-20240408-14:54:13-23197),,rtt:vector baselineTestQoS.hostSSH[185].tcp.conn-2161 (#0 - testingConfigurator5slices-0-20240408-14:54:13-23197),,packetReceived:vector(packetBytes) baselineTestQoS.hostSSH[185].app[0] (#0 - testingConfigurator5slices-0-20240408-14:54:13-23197),,endToEndDelay:vector baselineTestQoS.hostSSH[185].app[0] (#0 - testingConfigurator5slices-0-20240408-14:54:13-23197),
0,0,0,51,0.1017373776,51,1.1017373776,40,2.5714296064,1.469692228800000047,2.5716368864,40,2.5716368864,1.4293834232
0,1,0.1017373776,47,2.5714296064,47,1.1517373776,40,4.852853104,2.28142349759999962,4.852935008,888,4.852935008,2.197142658619999793
,,1.1017373776,87,2.5716368864,87,1.2017373776,40,,,,,4.852935008,2.197142658619999793
,,2.5714296064,447,4.852853104,47,1.2517373776,40,,,,,4.852935008,2.197142658619999793
,,2.5716368864,47,4.852935008,935,1.3017373776,40,,,,,4.852935008,2.197142658619999793
,,4.852935008,47,,,1.3517373776,40,,,,,4.852935008,2.197142658619999793
,,,,,,1.4017373776,40,,,,,4.852935008,2.197142658619999793
,,,,,,1.4517373776,40,,,,,4.852935008,2.197142658619999793
,,,,,,1.5017373776,40,,,,,4.852935008,2.197142658619999793
,,,,,,1.5517373776,40,,,,,4.852935008,2.197142658619999793
,,,,,,1.6017373776,40,,,,,4.852935008,2.197142658619999793
