numActiveSessions:vector baselineTestQoS.hostSSH[198].app[0] (#0 - testingConfigurator5slices-0-20240408-14:54:13-23197),,txPk:vector(packetBytes) baselineTestQoS.hostSSH[198].ppp[0].ppp (#0 - testingConfigurator5slices-0-20240408-14:54:13-23197),,rxPkOk:vector(packetBytes) baselineTestQoS.hostSSH[198].ppp[0].ppp (#0 - testingConfigurator5slices-0-20240408-14:54:13-23197),,packetSent:vector(packetBytes) baselineTestQoS.hostSSH[198].app[0] (#0 - testingConfigurator5slices-0-20240408-14:54:13-23197),,rtt:vector baselineTestQoS.hostSSH[198].tcp.conn-2174 (#0 - testingConfigurator5slices-0-20240408-14:54:13-23197),,packetReceived:vector(packetBytes) baselineTestQoS.hostSSH[198].app[0] (#0 - testingConfigurator5slices-0-20240408-14:54:13-23197),,endToEndDelay:vector baselineTestQoS.hostSSH[198].app[0] (#0 - testingConfigurator5slices-0-20240408-14:54:13-23197),
0,0,0,51,0.1040904176,51,1.1040904176,40,2.577666817022,1.47357639942199991,2.577874097022,40,2.577874097022,1.431587569599999992
0,1,0.1040904176,47,2.577666817022,47,1.1540904176,40,4.898258388077,2.320591571055000015,,,,
,,1.1040904176,87,2.577874097022,87,1.2040904176,40,,,,,,
,,2.577666817022,447,4.898258388077,47,1.2540904176,40,,,,,,
,,2.577874097022,47,,,1.3040904176,40,,,,,,
,,,,,,1.3540904176,40,,,,,,
,,,,,,1.4040904176,40,,,,,,
,,,,,,1.4540904176,40,,,,,,
,,,,,,1.5040904176,40,,,,,,
,,,,,,1.5540904176,40,,,,,,
,,,,,,1.6040904176,40,,,,,,
