numActiveSessions:vector baselineTestQoS.hostSSH[173].app[0] (#0 - testingConfigurator5slices-0-20240408-14:54:13-23197),,txPk:vector(packetBytes) baselineTestQoS.hostSSH[173].ppp[0].ppp (#0 - testingConfigurator5slices-0-20240408-14:54:13-23197),,rxPkOk:vector(packetBytes) baselineTestQoS.hostSSH[173].ppp[0].ppp (#0 - testingConfigurator5slices-0-20240408-14:54:13-23197),,packetSent:vector(packetBytes) baselineTestQoS.hostSSH[173].app[0] (#0 - testingConfigurator5slices-0-20240408-14:54:13-23197),,rtt:vector baselineTestQoS.hostSSH[173].tcp.conn-2149 (#0 - testingConfigurator5slices-0-20240408-14:54:13-23197),,packetReceived:vector(packetBytes) baselineTestQoS.hostSSH[173].app[0] (#0 - testingConfigurator5slices-0-20240408-14:54:13-23197),,endToEndDelay:vector baselineTestQoS.hostSSH[173].app[0] (#0 - testingConfigurator5slices-0-20240408-14:54:13-23197),
0,0,0,51,0.0994884176,51,1.0994884176,40,2.5657037448,1.466215327200000022,2.5659110248,40,2.5659110248,1.426314681600000072
0,1,0.0994884176,47,2.5657037448,47,1.1494884176,40,4.810570334422,2.244866589622000132,4.810852238422,888,4.810852238422,2.176202010777999785
,,1.0994884176,87,2.5659110248,87,1.1994884176,40,,,,,4.810852238422,2.176202010777999785
,,2.5657037448,447,4.810570334422,47,1.2494884176,40,,,,,4.810852238422,2.176202010777999785
,,2.5659110248,47,4.810852238422,935,1.2994884176,40,,,,,4.810852238422,2.176202010777999785
,,4.810852238422,47,,,1.3494884176,40,,,,,4.810852238422,2.176202010777999785
,,,,,,1.3994884176,40,,,,,4.810852238422,2.176202010777999785
,,,,,,1.4494884176,40,,,,,4.810852238422,2.176202010777999785
,,,,,,1.4994884176,40,,,,,4.810852238422,2.176202010777999785
,,,,,,1.5494884176,40,,,,,4.810852238422,2.176202010777999785
,,,,,,1.5994884176,40,,,,,4.810852238422,2.176202010777999785
