numActiveSessions:vector baselineTestQoS.hostSSH[164].app[0] (#0 - testingConfigurator5slices-0-20240408-14:54:13-23197),,txPk:vector(packetBytes) baselineTestQoS.hostSSH[164].ppp[0].ppp (#0 - testingConfigurator5slices-0-20240408-14:54:13-23197),,rxPkOk:vector(packetBytes) baselineTestQoS.hostSSH[164].ppp[0].ppp (#0 - testingConfigurator5slices-0-20240408-14:54:13-23197),,packetSent:vector(packetBytes) baselineTestQoS.hostSSH[164].app[0] (#0 - testingConfigurator5slices-0-20240408-14:54:13-23197),,rtt:vector baselineTestQoS.hostSSH[164].tcp.conn-2140 (#0 - testingConfigurator5slices-0-20240408-14:54:13-23197),,packetReceived:vector(packetBytes) baselineTestQoS.hostSSH[164].app[0] (#0 - testingConfigurator5slices-0-20240408-14:54:13-23197),,endToEndDelay:vector baselineTestQoS.hostSSH[164].app[0] (#0 - testingConfigurator5slices-0-20240408-14:54:13-23197),
0,0,0,51,0.0978516976,51,1.0978516976,40,2.55063907978,1.452787382179999913,2.55085235978,40,2.55085235978,1.412989856579999863
0,1,0.0978516976,47,2.55063907978,47,1.1478516976,40,4.757658388077,2.207019308297000206,4.757840292077,888,4.757840292077,2.139418781454999408
,,1.0978516976,87,2.55085235978,87,1.1978516976,40,,,,,4.757840292077,2.139418781454999408
,,2.55063907978,447,4.757658388077,47,1.2478516976,40,,,,,4.757840292077,2.139418781454999408
,,2.55085235978,47,4.757840292077,935,1.2978516976,40,,,,,4.757840292077,2.139418781454999408
,,4.757840292077,47,,,1.3478516976,40,,,,,4.757840292077,2.139418781454999408
,,,,,,1.3978516976,40,,,,,4.757840292077,2.139418781454999408
,,,,,,1.4478516976,40,,,,,4.757840292077,2.139418781454999408
,,,,,,1.4978516976,40,,,,,4.757840292077,2.139418781454999408
,,,,,,1.5478516976,40,,,,,4.757840292077,2.139418781454999408
,,,,,,1.5978516976,40,,,,,4.757840292077,2.139418781454999408
