numActiveSessions:vector baselineTestQoS.hostSSH[160].app[0] (#0 - testingConfigurator5slices-0-20240408-14:54:13-23197),,txPk:vector(packetBytes) baselineTestQoS.hostSSH[160].ppp[0].ppp (#0 - testingConfigurator5slices-0-20240408-14:54:13-23197),,rxPkOk:vector(packetBytes) baselineTestQoS.hostSSH[160].ppp[0].ppp (#0 - testingConfigurator5slices-0-20240408-14:54:13-23197),,packetSent:vector(packetBytes) baselineTestQoS.hostSSH[160].app[0] (#0 - testingConfigurator5slices-0-20240408-14:54:13-23197),,rtt:vector baselineTestQoS.hostSSH[160].tcp.conn-2136 (#0 - testingConfigurator5slices-0-20240408-14:54:13-23197),,packetReceived:vector(packetBytes) baselineTestQoS.hostSSH[160].app[0] (#0 - testingConfigurator5slices-0-20240408-14:54:13-23197),,endToEndDelay:vector baselineTestQoS.hostSSH[160].app[0] (#0 - testingConfigurator5slices-0-20240408-14:54:13-23197),
0,0,0,51,0.0971353776,51,1.0971353776,40,2.548815133022,1.451679755422000001,2.548922413022,40,2.548922413022,1.41167910982199984
0,1,0.0971353776,47,2.548815133022,47,1.1471353776,40,4.743633108,2.194817974978000121,4.743815012,888,4.743815012,2.132518998620000151
,,1.0971353776,87,2.548922413022,87,1.1971353776,40,,,,,4.743815012,2.132518998620000151
,,2.548815133022,447,4.743633108,47,1.2471353776,40,,,,,4.743815012,2.132518998620000151
,,2.548922413022,47,4.743815012,935,1.2971353776,40,,,,,4.743815012,2.132518998620000151
,,4.743815012,47,,,1.3471353776,40,,,,,4.743815012,2.132518998620000151
,,,,,,1.3971353776,40,,,,,4.743815012,2.132518998620000151
,,,,,,1.4471353776,40,,,,,4.743815012,2.132518998620000151
,,,,,,1.4971353776,40,,,,,4.743815012,2.132518998620000151
,,,,,,1.5471353776,40,,,,,4.743815012,2.132518998620000151
,,,,,,1.5971353776,40,,,,,4.743815012,2.132518998620000151
