numActiveSessions:vector baselineTestQoS.hostSSH[155].app[0] (#0 - testingConfigurator5slices-0-20240408-14:54:13-23197),,txPk:vector(packetBytes) baselineTestQoS.hostSSH[155].ppp[0].ppp (#0 - testingConfigurator5slices-0-20240408-14:54:13-23197),,rxPkOk:vector(packetBytes) baselineTestQoS.hostSSH[155].ppp[0].ppp (#0 - testingConfigurator5slices-0-20240408-14:54:13-23197),,packetSent:vector(packetBytes) baselineTestQoS.hostSSH[155].app[0] (#0 - testingConfigurator5slices-0-20240408-14:54:13-23197),,rtt:vector baselineTestQoS.hostSSH[155].tcp.conn-2131 (#0 - testingConfigurator5slices-0-20240408-14:54:13-23197),,packetReceived:vector(packetBytes) baselineTestQoS.hostSSH[155].app[0] (#0 - testingConfigurator5slices-0-20240408-14:54:13-23197),,endToEndDelay:vector baselineTestQoS.hostSSH[155].app[0] (#0 - testingConfigurator5slices-0-20240408-14:54:13-23197),
0,0,0,51,0.0962149776,51,1.0962149776,40,2.546361533022,1.450146555422000097,2.546568813022,40,2.546568813022,1.410343029822000097
0,1,0.0962149776,47,2.546361533022,47,1.1462149776,40,4.726091774422,2.179730241399999702,4.726273678422,888,4.726273678422,2.123748783799999977
,,1.0962149776,87,2.546568813022,87,1.1962149776,40,,,,,4.726273678422,2.123748783799999977
,,2.546361533022,447,4.726091774422,47,1.2462149776,40,,,,,4.726273678422,2.123748783799999977
,,2.546568813022,47,4.726273678422,935,1.2962149776,40,,,,,4.726273678422,2.123748783799999977
,,4.726273678422,47,,,1.3462149776,40,,,,,4.726273678422,2.123748783799999977
,,,,,,1.3962149776,40,,,,,4.726273678422,2.123748783799999977
,,,,,,1.4462149776,40,,,,,4.726273678422,2.123748783799999977
,,,,,,1.4962149776,40,,,,,4.726273678422,2.123748783799999977
,,,,,,1.5462149776,40,,,,,4.726273678422,2.123748783799999977
,,,,,,1.5962149776,40,,,,,4.726273678422,2.123748783799999977
