numActiveSessions:vector baselineTestQoS.hostSSH[191].app[0] (#0 - testingConfigurator5slices-0-20240408-14:54:13-23197),,txPk:vector(packetBytes) baselineTestQoS.hostSSH[191].ppp[0].ppp (#0 - testingConfigurator5slices-0-20240408-14:54:13-23197),,rxPkOk:vector(packetBytes) baselineTestQoS.hostSSH[191].ppp[0].ppp (#0 - testingConfigurator5slices-0-20240408-14:54:13-23197),,packetSent:vector(packetBytes) baselineTestQoS.hostSSH[191].app[0] (#0 - testingConfigurator5slices-0-20240408-14:54:13-23197),,rtt:vector baselineTestQoS.hostSSH[191].tcp.conn-2167 (#0 - testingConfigurator5slices-0-20240408-14:54:13-23197),,packetReceived:vector(packetBytes) baselineTestQoS.hostSSH[191].app[0] (#0 - testingConfigurator5slices-0-20240408-14:54:13-23197),,endToEndDelay:vector baselineTestQoS.hostSSH[191].app[0] (#0 - testingConfigurator5slices-0-20240408-14:54:13-23197),
0,0,0,51,0.1027618576,51,1.1027618576,40,2.5742939264,1.471532068799999753,2.574504013022,40,2.574504013022,1.430409749822000078
0,1,0.1027618576,47,2.5742939264,47,1.1527618576,40,4.873750578422,2.299456652022000102,4.873932482422,888,4.873932482422,2.207588932600000212
,,1.1027618576,87,2.574504013022,87,1.2027618576,40,,,,,4.873932482422,2.207588932600000212
,,2.5742939264,447,4.873750578422,47,1.2527618576,40,,,,,4.873932482422,2.207588932600000212
,,2.574504013022,47,4.873932482422,935,1.3027618576,40,,,,,4.873932482422,2.207588932600000212
,,4.873932482422,47,,,1.3527618576,40,,,,,4.873932482422,2.207588932600000212
,,,,,,1.4027618576,40,,,,,4.873932482422,2.207588932600000212
,,,,,,1.4527618576,40,,,,,4.873932482422,2.207588932600000212
,,,,,,1.5027618576,40,,,,,4.873932482422,2.207588932600000212
,,,,,,1.5527618576,40,,,,,4.873932482422,2.207588932600000212
,,,,,,1.6027618576,40,,,,,4.873932482422,2.207588932600000212
