numActiveSessions:vector baselineTestQoS.hostSSH[149].app[0] (#0 - testingConfigurator5slices-0-20240408-14:54:13-23197),,txPk:vector(packetBytes) baselineTestQoS.hostSSH[149].ppp[0].ppp (#0 - testingConfigurator5slices-0-20240408-14:54:13-23197),,rxPkOk:vector(packetBytes) baselineTestQoS.hostSSH[149].ppp[0].ppp (#0 - testingConfigurator5slices-0-20240408-14:54:13-23197),,packetSent:vector(packetBytes) baselineTestQoS.hostSSH[149].app[0] (#0 - testingConfigurator5slices-0-20240408-14:54:13-23197),,rtt:vector baselineTestQoS.hostSSH[149].tcp.conn-2125 (#0 - testingConfigurator5slices-0-20240408-14:54:13-23197),,packetReceived:vector(packetBytes) baselineTestQoS.hostSSH[149].app[0] (#0 - testingConfigurator5slices-0-20240408-14:54:13-23197),,endToEndDelay:vector baselineTestQoS.hostSSH[149].app[0] (#0 - testingConfigurator5slices-0-20240408-14:54:13-23197),
0,0,0,51,0.0951904976,51,1.0951904976,40,2.543530173022,1.448339675421999921,2.543653613022,40,2.543653613022,1.408355189821999688
0,1,0.0951904976,47,2.543530173022,47,1.1451904976,40,4.704985774422,2.16145560140000014,4.705273678422,888,4.705273678422,2.113363185042000038
,,1.0951904976,87,2.543653613022,87,1.1951904976,40,,,,,4.705273678422,2.113363185042000038
,,2.543530173022,447,4.704985774422,47,1.2451904976,40,,,,,4.705273678422,2.113363185042000038
,,2.543653613022,47,4.705273678422,935,1.2951904976,40,,,,,4.705273678422,2.113363185042000038
,,4.705273678422,47,,,1.3451904976,40,,,,,4.705273678422,2.113363185042000038
,,,,,,1.3951904976,40,,,,,4.705273678422,2.113363185042000038
,,,,,,1.4451904976,40,,,,,4.705273678422,2.113363185042000038
,,,,,,1.4951904976,40,,,,,4.705273678422,2.113363185042000038
,,,,,,1.5451904976,40,,,,,4.705273678422,2.113363185042000038
,,,,,,1.5951904976,40,,,,,4.705273678422,2.113363185042000038
