numActiveSessions:vector baselineTestQoS.hostSSH[181].app[0] (#0 - testingConfigurator5slices-0-20240408-14:54:13-23197),,txPk:vector(packetBytes) baselineTestQoS.hostSSH[181].ppp[0].ppp (#0 - testingConfigurator5slices-0-20240408-14:54:13-23197),,rxPkOk:vector(packetBytes) baselineTestQoS.hostSSH[181].ppp[0].ppp (#0 - testingConfigurator5slices-0-20240408-14:54:13-23197),,packetSent:vector(packetBytes) baselineTestQoS.hostSSH[181].app[0] (#0 - testingConfigurator5slices-0-20240408-14:54:13-23197),,rtt:vector baselineTestQoS.hostSSH[181].tcp.conn-2157 (#0 - testingConfigurator5slices-0-20240408-14:54:13-23197),,packetReceived:vector(packetBytes) baselineTestQoS.hostSSH[181].app[0] (#0 - testingConfigurator5slices-0-20240408-14:54:13-23197),,endToEndDelay:vector baselineTestQoS.hostSSH[181].app[0] (#0 - testingConfigurator5slices-0-20240408-14:54:13-23197),
0,0,0,51,0.1010210576,51,1.1010210576,40,2.569502398044,1.468481340443999797,2.569709678044,40,2.569709678044,1.428580694843999847
0,1,0.1010210576,47,2.569502398044,47,1.1510210576,40,4.838658388077,2.26915599003300005,4.838940292077,888,4.838940292077,2.190177461454999796
,,1.1010210576,87,2.569709678044,87,1.2010210576,40,,,,,4.838940292077,2.190177461454999796
,,2.569502398044,447,4.838658388077,47,1.2510210576,40,,,,,4.838940292077,2.190177461454999796
,,2.569709678044,47,4.838940292077,935,1.3010210576,40,,,,,4.838940292077,2.190177461454999796
,,4.838940292077,47,,,1.3510210576,40,,,,,4.838940292077,2.190177461454999796
,,,,,,1.4010210576,40,,,,,4.838940292077,2.190177461454999796
,,,,,,1.4510210576,40,,,,,4.838940292077,2.190177461454999796
,,,,,,1.5010210576,40,,,,,4.838940292077,2.190177461454999796
,,,,,,1.5510210576,40,,,,,4.838940292077,2.190177461454999796
,,,,,,1.6010210576,40,,,,,4.838940292077,2.190177461454999796
