numActiveSessions:vector baselineTestQoS.hostSSH[148].app[0] (#0 - testingConfigurator5slices-0-20240408-14:54:13-23197),,txPk:vector(packetBytes) baselineTestQoS.hostSSH[148].ppp[0].ppp (#0 - testingConfigurator5slices-0-20240408-14:54:13-23197),,rxPkOk:vector(packetBytes) baselineTestQoS.hostSSH[148].ppp[0].ppp (#0 - testingConfigurator5slices-0-20240408-14:54:13-23197),,packetSent:vector(packetBytes) baselineTestQoS.hostSSH[148].app[0] (#0 - testingConfigurator5slices-0-20240408-14:54:13-23197),,rtt:vector baselineTestQoS.hostSSH[148].tcp.conn-2124 (#0 - testingConfigurator5slices-0-20240408-14:54:13-23197),,packetReceived:vector(packetBytes) baselineTestQoS.hostSSH[148].app[0] (#0 - testingConfigurator5slices-0-20240408-14:54:13-23197),,endToEndDelay:vector baselineTestQoS.hostSSH[148].app[0] (#0 - testingConfigurator5slices-0-20240408-14:54:13-23197),
0,0,0,51,0.0949864176,51,1.0949864176,40,2.543050493022,1.44806407542199977,2.543173933022,40,2.543173933022,1.408079589821999982
0,1,0.0949864176,47,2.543050493022,47,1.1449864176,40,4.70147556666,2.158425073637999952,4.70175747066,888,4.70175747066,2.1116073390159995
,,1.0949864176,87,2.543173933022,87,1.1949864176,40,,,,,4.70175747066,2.1116073390159995
,,2.543050493022,447,4.70147556666,47,1.2449864176,40,,,,,4.70175747066,2.1116073390159995
,,2.543173933022,47,4.70175747066,935,1.2949864176,40,,,,,4.70175747066,2.1116073390159995
,,4.70175747066,47,,,1.3449864176,40,,,,,4.70175747066,2.1116073390159995
,,,,,,1.3949864176,40,,,,,4.70175747066,2.1116073390159995
,,,,,,1.4449864176,40,,,,,4.70175747066,2.1116073390159995
,,,,,,1.4949864176,40,,,,,4.70175747066,2.1116073390159995
,,,,,,1.5449864176,40,,,,,4.70175747066,2.1116073390159995
,,,,,,1.5949864176,40,,,,,4.70175747066,2.1116073390159995
