numActiveSessions:vector baselineTestQoS.hostSSH[151].app[0] (#0 - testingConfigurator5slices-0-20240408-14:54:13-23197),,txPk:vector(packetBytes) baselineTestQoS.hostSSH[151].ppp[0].ppp (#0 - testingConfigurator5slices-0-20240408-14:54:13-23197),,rxPkOk:vector(packetBytes) baselineTestQoS.hostSSH[151].ppp[0].ppp (#0 - testingConfigurator5slices-0-20240408-14:54:13-23197),,packetSent:vector(packetBytes) baselineTestQoS.hostSSH[151].app[0] (#0 - testingConfigurator5slices-0-20240408-14:54:13-23197),,rtt:vector baselineTestQoS.hostSSH[151].tcp.conn-2127 (#0 - testingConfigurator5slices-0-20240408-14:54:13-23197),,packetReceived:vector(packetBytes) baselineTestQoS.hostSSH[151].app[0] (#0 - testingConfigurator5slices-0-20240408-14:54:13-23197),,endToEndDelay:vector baselineTestQoS.hostSSH[151].app[0] (#0 - testingConfigurator5slices-0-20240408-14:54:13-23197),
0,0,0,51,0.0954986576,51,1.0954986576,40,2.544489533022,1.448990875421999996,2.544612973022,40,2.544612973022,1.409006389821999762
0,1,0.0954986576,47,2.544489533022,47,1.1454986576,40,4.711995438044,2.167505905021999791,4.712277342044,888,4.712277342044,2.116808619421999707
,,1.0954986576,87,2.544612973022,87,1.1954986576,40,,,,,4.712277342044,2.116808619421999707
,,2.544489533022,447,4.711995438044,47,1.2454986576,40,,,,,4.712277342044,2.116808619421999707
,,2.544612973022,47,4.712277342044,935,1.2954986576,40,,,,,4.712277342044,2.116808619421999707
,,4.712277342044,47,,,1.3454986576,40,,,,,4.712277342044,2.116808619421999707
,,,,,,1.3954986576,40,,,,,4.712277342044,2.116808619421999707
,,,,,,1.4454986576,40,,,,,4.712277342044,2.116808619421999707
,,,,,,1.4954986576,40,,,,,4.712277342044,2.116808619421999707
,,,,,,1.5454986576,40,,,,,4.712277342044,2.116808619421999707
,,,,,,1.5954986576,40,,,,,4.712277342044,2.116808619421999707
